"","Age","Work_Experience","Family_Size","Gender_Female","Ever_Married_No","Graduated_No","Profession_Doctor","Profession_Engineer","Profession_Entertainment","Profession_Executive","Profession_Healthcare","Profession_Homemaker","Profession_Lawyer","Profession_Marketing","Spending_Score_Average","Spending_Score_High"
"1",-0.166735393248956,0.257558204995377,-0.021576481366957,0.721012508193555,-0.0184950791770516,0.314360932908661,-0.311417709330186,2.40896716824321,-0.371543858673331,-0.286296300174221,-0.439810901520713,1.28559529141603,-0.284466481058239,-0.189535534659835,0.106701635013945,-0.16863806026317
"2",0.46316432300404,-0.0893373563079501,0.367744688600562,-0.815815846355365,-0.710970620668737,0.235503161716971,-0.311417709330186,-0.309111675602592,-0.371543858673334,3.48495574800297,-0.439810901520709,-0.164963856674817,-0.284466481058236,-0.189535534659835,-0.291334927792878,1.46993225884278
"3",0.228197936199863,-0.0850239018886806,0.107241885580231,-0.140546024467748,-0.830638413860243,-0.409143482513574,0.104309419702207,-0.309111675602593,0.245918946236493,-0.286296300174224,-0.384115188175823,-0.164963856674823,-0.281681073533086,-0.149470976938765,1.73364228724451,-0.421106598856529
"4",1.91533890442144,-0.415259861268243,-0.577287000544148,0.120556762307194,-0.705757370272275,-0.0264228287698492,-0.311417709330186,-0.309111675602592,-0.371543858673334,-0.286296300174216,-0.439810901520709,-0.164963856674817,3.49225930881291,-0.189535534659835,-0.508109350905729,1.09009638669363
"5",-0.113723631583181,0.0772744206706385,-0.270948712712264,0.027294250071476,0.312265354208386,-0.176509864285312,0.296657397240801,-0.309111675602594,0.286649825998958,-0.28629630017421,-0.437647283583745,-0.164963856674826,-0.284466481058228,0.29637023292916,-0.576734401053197,-0.0978689049220782
"6",-1.03291211620308,-0.0181235537251665,0.612676677979186,-0.0678705167657258,1.01495971618606,0.612768147223039,-0.311417709330179,-0.309111675602593,-0.368673553600829,-0.286296300174223,2.25302352174807,-0.164963856674821,-0.284466481058241,-0.189535534659832,-0.557246687656096,-0.329409592187602
